{
  "total_cost_usd": 0.005749,
  "agents": {
    "default": {
      "prompt_tokens": 17388,
      "completion_tokens": 2125,
      "total_tokens": 19513,
      "chat_count": 12,
      "cost": 0.005749460000000001,
      "model": "qwen/qwen-plus-2025-01-25"
    }
  }
}